{"cameraMode":{"drawMode":0,"name":"Shaded","section":"Shading Mode"},"sceneLighting":true,"audioPlay":false,"sceneViewState":{"showFog":true,"showMaterialUpdate":false,"showSkybox":true,"showFlares":true,"showImageEffects":true,"showParticleSystems":true},"in2DMode":false,"pivot":{"x":17.015409469604493,"y":5.327044486999512,"z":-12.562875747680664},"rotation":{"x":-0.01347994152456522,"y":0.984099268913269,"z":-0.15508924424648286,"w":-0.08553437888622284},"size":4.800114154815674,"orthographic":false}